<?xml version="1.0" encoding="UTF-8"?>
<!--
    Document   : articulo_combinaciones.xml
    Author     : Carlos Garcia Gomez
    Description:
        Estructura de la tabla articulo_combinaciones.
-->
<tabla>
    <columna>
        <nombre>id</nombre>
        <tipo>serial</tipo>
        <nulo>NO</nulo>
        <defecto>nextval('articulo_combinaciones_seq'::regclass)</defecto>
    </columna>
    <columna>
        <nombre>codigo</nombre>
        <tipo>character varying(18)</tipo>
        <nulo>NO</nulo>
    </columna>
    <columna>
        <nombre>codigo2</nombre>
        <tipo>character varying(18)</tipo>
    </columna>
    <columna>
        <nombre>referencia</nombre>
        <tipo>character varying(18)</tipo>
        <nulo>NO</nulo>
    </columna>
    <columna>
        <nombre>idvalor</nombre>
        <tipo>integer</tipo>
        <nulo>NO</nulo>
    </columna>
    <columna>
        <nombre>nombreatributo</nombre>
        <tipo>character varying(100)</tipo>
        <nulo>NO</nulo>
    </columna>
    <columna>
        <nombre>valor</nombre>
        <tipo>character varying(100)</tipo>
        <nulo>NO</nulo>
    </columna>
    <columna>
        <nombre>refcombinacion</nombre>
        <tipo>character varying(18)</tipo>
        <nulo>YES</nulo>
    </columna>
    <columna>
        <nombre>codbarras</nombre>
        <tipo>character varying(18)</tipo>
        <nulo>YES</nulo>
    </columna>
    <columna>
        <nombre>impactoprecio</nombre>
        <tipo>double precision</tipo>
        <nulo>NO</nulo>
        <defecto>0</defecto>
    </columna>
    <columna>
        <nombre>stockfis</nombre>
        <tipo>double precision</tipo>
        <nulo>YES</nulo>
        <defecto>0</defecto>
    </columna>
    <restriccion>
        <nombre>articulo_combinaciones_pkey</nombre>
        <consulta>PRIMARY KEY (id)</consulta>
    </restriccion>
    <restriccion>
        <nombre>ca_articulo_combinaciones_valores</nombre>
        <consulta>FOREIGN KEY (idvalor)
            REFERENCES atributos_valores (id)
            ON DELETE CASCADE ON UPDATE CASCADE</consulta>
    </restriccion>
    <restriccion>
        <nombre>ca_articulo_combinaciones_articulos</nombre>
        <consulta>FOREIGN KEY (referencia)
            REFERENCES articulos (referencia)
            ON DELETE CASCADE ON UPDATE CASCADE</consulta>
    </restriccion>
</tabla>