<?xml version="1.0" encoding="UTF-8"?>
<!--
    Document   : atributos_valores.xml
    Author     : Carlos Garcia Gomez
    Description:
        Estructura de la tabla atributos_valores.
-->
<tabla>
    <columna>
        <nombre>id</nombre>
        <tipo>serial</tipo>
        <nulo>NO</nulo>
        <defecto>nextval('atributos_valores_seq'::regclass)</defecto>
    </columna>
    <columna>
        <nombre>codatributo</nombre>
        <tipo>character varying(20)</tipo>
        <nulo>NO</nulo>
    </columna>
    <columna>
        <nombre>valor</nombre>
        <tipo>character varying(100)</tipo>
        <nulo>NO</nulo>
    </columna>
    <restriccion>
        <nombre>atributos_valores_pkey</nombre>
        <consulta>PRIMARY KEY (id)</consulta>
    </restriccion>
    <restriccion>
        <nombre>ca_atributos_valores</nombre>
        <consulta>FOREIGN KEY (codatributo)
            REFERENCES atributos (codatributo)
            ON DELETE CASCADE ON UPDATE CASCADE</consulta>
    </restriccion>
</tabla>