<?xml version="1.0" encoding="UTF-8"?>
<!--
    Document   : clientes.xml
    Author     : Carlos Garcia Gomez
    Description:
        Estructura de la tabla clientes.
-->
<tabla>
    <columna>
        <nombre>capitalimpagado</nombre>
        <tipo>double precision</tipo>
        <nulo>YES</nulo>
    </columna>
    <columna>
        <nombre>cifnif</nombre>
        <tipo>character varying(30)</tipo>
        <nulo>NO</nulo>
    </columna>
    <columna>
        <nombre>codagente</nombre>
        <tipo>character varying(10)</tipo>
        <nulo>YES</nulo>
    </columna>
    <columna>
        <nombre>codcliente</nombre>
        <tipo>character varying(6)</tipo>
        <nulo>NO</nulo>
    </columna>
    <columna>
        <nombre>codcontacto</nombre>
        <tipo>character varying(6)</tipo>
        <nulo>YES</nulo>
    </columna>
    <columna>
        <nombre>codcuentadom</nombre>
        <tipo>character varying(6)</tipo>
        <nulo>YES</nulo>
    </columna>
    <columna>
        <nombre>codcuentarem</nombre>
        <tipo>character varying(6)</tipo>
        <nulo>YES</nulo>
    </columna>
    <columna>
        <nombre>coddivisa</nombre>
        <tipo>character varying(3)</tipo>
        <nulo>YES</nulo>
    </columna>
    <columna>
        <nombre>codedi</nombre>
        <tipo>character varying(17)</tipo>
        <nulo>YES</nulo>
    </columna>
    <columna>
        <nombre>codgrupo</nombre>
        <tipo>character varying(6)</tipo>
        <nulo>YES</nulo>
    </columna>
    <columna>
        <nombre>codpago</nombre>
        <tipo>character varying(10)</tipo>
        <nulo>YES</nulo>
    </columna>
    <columna>
        <nombre>codserie</nombre>
        <tipo>character varying(2)</tipo>
        <nulo>YES</nulo>
    </columna>
    <columna>
        <nombre>codsubcuenta</nombre>
        <tipo>character varying(15)</tipo>
        <nulo>YES</nulo>
    </columna>
    <columna>
        <nombre>codtiporappel</nombre>
        <tipo>character varying(10)</tipo>
        <nulo>YES</nulo>
    </columna>
    <columna>
        <nombre>contacto</nombre>
        <tipo>character varying(100)</tipo>
        <nulo>YES</nulo>
    </columna>
    <columna>
        <nombre>copiasfactura</nombre>
        <tipo>integer</tipo>
        <nulo>YES</nulo>
    </columna>
    <columna>
        <nombre>debaja</nombre>
        <tipo>boolean</tipo>
        <nulo>YES</nulo>
        <defecto>false</defecto>
    </columna>
    <columna>
        <nombre>email</nombre>
        <tipo>character varying(100)</tipo>
        <nulo>YES</nulo>
    </columna>
    <columna>
        <nombre>fax</nombre>
        <tipo>character varying(30)</tipo>
        <nulo>YES</nulo>
    </columna>
    <columna>
        <nombre>fechabaja</nombre>
        <tipo>date</tipo>
        <nulo>YES</nulo>
    </columna>
    <columna>
        <nombre>fechaalta</nombre>
        <tipo>date</tipo>
        <nulo>YES</nulo>
    </columna>
    <columna>
        <nombre>idsubcuenta</nombre>
        <tipo>integer</tipo>
        <nulo>YES</nulo>
    </columna>
    <columna>
        <nombre>ivaincluido</nombre>
        <tipo>boolean</tipo>
        <nulo>YES</nulo>
    </columna>
    <columna>
        <nombre>nombre</nombre>
        <tipo>character varying(100)</tipo>
        <nulo>NO</nulo>
    </columna>
    <columna>
        <nombre>razonsocial</nombre>
        <tipo>character varying(100)</tipo>
        <nulo>YES</nulo>
    </columna>
    <columna>
        <nombre>observaciones</nombre>
        <tipo>text</tipo>
        <nulo>YES</nulo>
    </columna>
    <columna>
        <nombre>recargo</nombre>
        <tipo>boolean</tipo>
        <nulo>YES</nulo>
    </columna>
    <columna>
        <nombre>regimeniva</nombre>
        <tipo>character varying(20)</tipo>
        <nulo>YES</nulo>
    </columna>
    <columna>
        <nombre>riesgoalcanzado</nombre>
        <tipo>double precision</tipo>
        <nulo>YES</nulo>
    </columna>
    <columna>
        <nombre>riesgomax</nombre>
        <tipo>double precision</tipo>
        <nulo>YES</nulo>
    </columna>
    <columna>
        <nombre>telefono1</nombre>
        <tipo>character varying(30)</tipo>
        <nulo>YES</nulo>
    </columna>
    <columna>
        <nombre>telefono2</nombre>
        <tipo>character varying(30)</tipo>
        <nulo>YES</nulo>
    </columna>
    <columna>
        <nombre>tipoidfiscal</nombre>
        <tipo>character varying(25)</tipo>
        <nulo>NO</nulo>
        <defecto>'NIF'::character varying</defecto>
    </columna>
    <columna>
        <nombre>personafisica</nombre>
        <tipo>boolean</tipo>
        <defecto>true</defecto>
    </columna>
    <columna>
        <nombre>web</nombre>
        <tipo>character varying(250)</tipo>
        <nulo>YES</nulo>
    </columna>
    <columna>
        <nombre>diaspago</nombre>
        <tipo>character varying(10)</tipo>
    </columna>
    <columna>
        <nombre>codproveedor</nombre>
        <tipo>character varying(6)</tipo>
        <nulo>YES</nulo>
    </columna>
    <columna>
        <nombre>codtarifa</nombre>
        <tipo>character varying(6)</tipo>
        <nulo>YES</nulo>
    </columna>   
    <restriccion>
        <nombre>clientes_pkey</nombre>
        <consulta>PRIMARY KEY (codcliente)</consulta>
    </restriccion>
    <restriccion>
        <nombre>ca_clientes_grupos</nombre>
        <consulta>FOREIGN KEY (codgrupo)
            REFERENCES gruposclientes (codgrupo)
            ON DELETE SET NULL ON UPDATE CASCADE</consulta>
    </restriccion>
</tabla>
