<?xml version="1.0" encoding="UTF-8"?>
<!--
    Document   : co_asientos.xml
    Author     : Carlos Garcia Gomez
    Description:
        Estructura de la tabla co_asientos.
-->
<tabla>
    <columna>
        <nombre>codejercicio</nombre>
        <tipo>character varying(4)</tipo>
        <nulo>NO</nulo>
    </columna>
    <columna>
        <nombre>codplanasiento</nombre>
        <tipo>character varying(20)</tipo>
        <nulo>YES</nulo>
    </columna>
    <columna>
        <nombre>concepto</nombre>
        <tipo>character varying(255)</tipo>
        <nulo>YES</nulo>
    </columna>
    <columna>
        <nombre>documento</nombre>
        <tipo>character varying(30)</tipo>
        <nulo>YES</nulo>
    </columna>
    <columna>
        <nombre>editable</nombre>
        <tipo>boolean</tipo>
        <nulo>NO</nulo>
    </columna>
    <columna>
        <nombre>fecha</nombre>
        <tipo>date</tipo>
        <nulo>NO</nulo>
    </columna>
    <columna>
        <nombre>idasiento</nombre>
        <tipo>serial</tipo>
        <nulo>NO</nulo>
        <defecto>nextval('co_asientos_idasiento_seq'::regclass)</defecto>
    </columna>
    <columna>
        <nombre>idconcepto</nombre>
        <tipo>character varying(4)</tipo>
        <nulo>YES</nulo>
    </columna>
    <columna>
        <nombre>importe</nombre>
        <tipo>double precision</tipo>
        <nulo>YES</nulo>
    </columna>
    <columna>
        <nombre>numero</nombre>
        <tipo>integer</tipo>
        <nulo>NO</nulo>
    </columna>
    <columna>
        <nombre>tipodocumento</nombre>
        <tipo>character varying(25)</tipo>
        <nulo>YES</nulo>
    </columna>
    <restriccion>
        <nombre>ca_co_asientos_ejercicios2</nombre>
        <consulta>FOREIGN KEY (codejercicio)
            REFERENCES ejercicios (codejercicio)
            ON DELETE RESTRICT ON UPDATE CASCADE</consulta>
    </restriccion>
    <restriccion>
        <nombre>co_asientos_pkey</nombre>
        <consulta>PRIMARY KEY (idasiento)</consulta>
    </restriccion>
</tabla>