<?xml version="1.0" encoding="UTF-8"?>
<!--
    Document   : co_cuentas.xml
    Author     : Carlos Garcia Gomez
    Description:
        Estructura de la tabla co_cuentas.
-->
<tabla>
    <columna>
        <nombre>codbalance</nombre>
        <tipo>character varying(15)</tipo>
        <nulo>YES</nulo>
    </columna>
    <columna>
        <nombre>codcuenta</nombre>
        <tipo>character varying(6)</tipo>
        <nulo>NO</nulo>
    </columna>
    <columna>
        <nombre>codejercicio</nombre>
        <tipo>character varying(4)</tipo>
        <nulo>NO</nulo>
    </columna>
    <columna>
        <nombre>codepigrafe</nombre>
        <tipo>character varying(6)</tipo>
        <nulo>NO</nulo>
    </columna>
    <columna>
        <nombre>descripcion</nombre>
        <tipo>character varying(255)</tipo>
        <nulo>YES</nulo>
    </columna>
    <columna>
        <nombre>idcuenta</nombre>
        <tipo>serial</tipo>
        <nulo>NO</nulo>
        <defecto>nextval('co_cuentas_idcuenta_seq'::regclass)</defecto>
    </columna>
    <columna>
        <nombre>idcuentaesp</nombre>
        <tipo>character varying(6)</tipo>
        <nulo>YES</nulo>
    </columna>
    <columna>
        <nombre>idepigrafe</nombre>
        <tipo>integer</tipo>
        <nulo>NO</nulo>
    </columna>
    <restriccion>
        <nombre>co_cuentas_pkey</nombre>
        <consulta>PRIMARY KEY (idcuenta)</consulta>
    </restriccion>
    <restriccion>
        <nombre>uniq_codcuenta</nombre>
        <consulta>UNIQUE (codcuenta,codejercicio)</consulta>
    </restriccion>
    <restriccion>
        <nombre>ca_co_cuentas_ejercicios</nombre>
        <consulta>FOREIGN KEY (codejercicio)
            REFERENCES ejercicios (codejercicio)
            ON DELETE CASCADE ON UPDATE CASCADE</consulta>
    </restriccion>
    <restriccion>
        <nombre>ca_co_cuentas_epigrafes2</nombre>
        <consulta>FOREIGN KEY (idepigrafe)
            REFERENCES co_epigrafes (idepigrafe)
            ON DELETE CASCADE ON UPDATE CASCADE</consulta>
    </restriccion>
</tabla>