<?xml version="1.0" encoding="UTF-8"?>
<!--
    Document   : co_epigrafes.xml
    Author     : Carlos Garcia Gomez
    Description:
        Estructura de la tabla co_epigrafes.
-->
<tabla>
    <columna>
        <nombre>codejercicio</nombre>
        <tipo>character varying(4)</tipo>
        <nulo>NO</nulo>
    </columna>
    <columna>
        <nombre>codepigrafe</nombre>
        <tipo>character varying(6)</tipo>
        <nulo>NO</nulo>
    </columna>
    <columna>
        <nombre>descripcion</nombre>
        <tipo>character varying(255)</tipo>
        <nulo>YES</nulo>
    </columna>
    <columna>
        <nombre>idepigrafe</nombre>
        <tipo>serial</tipo>
        <nulo>NO</nulo>
        <defecto>nextval('co_epigrafes_idepigrafe_seq'::regclass)</defecto>
    </columna>
    <columna>
        <nombre>idgrupo</nombre>
        <tipo>integer</tipo>
        <nulo>YES</nulo>
    </columna>
    <columna>
        <nombre>idpadre</nombre>
        <tipo>integer</tipo>
        <nulo>YES</nulo>
    </columna>
    <restriccion>
        <nombre>co_epigrafes_pkey</nombre>
        <consulta>PRIMARY KEY (idepigrafe)</consulta>
    </restriccion>
    <restriccion>
        <nombre>ca_co_epigrafes_ejercicios</nombre>
        <consulta>FOREIGN KEY (codejercicio)
            REFERENCES ejercicios (codejercicio)
            ON DELETE CASCADE ON UPDATE CASCADE</consulta>
    </restriccion>
    <restriccion>
        <nombre>ca_co_epigrafes_gruposepigrafes2</nombre>
        <consulta>FOREIGN KEY (idgrupo)
            REFERENCES co_gruposepigrafes (idgrupo)
            ON DELETE CASCADE ON UPDATE CASCADE</consulta>
    </restriccion>
</tabla>