<?xml version="1.0" encoding="UTF-8"?>
<!--
    Document   : co_partidas.xml
    Author     : Carlos Garcia Gomez
    Description:
        Estructura de la tabla co_partidas.
-->
<tabla>
    <columna>
        <nombre>baseimponible</nombre>
        <tipo>double precision</tipo>
        <nulo>NO</nulo>
    </columna>
    <columna>
        <nombre>cifnif</nombre>
        <tipo>character varying(30)</tipo>
        <nulo>YES</nulo>
    </columna>
    <columna>
        <nombre>codcontrapartida</nombre>
        <tipo>character varying(15)</tipo>
        <nulo>YES</nulo>
    </columna>
    <columna>
        <nombre>coddivisa</nombre>
        <tipo>character varying(3)</tipo>
        <nulo>YES</nulo>
    </columna>
    <columna>
        <nombre>codserie</nombre>
        <tipo>character varying(2)</tipo>
        <nulo>YES</nulo>
    </columna>
    <columna>
        <nombre>codsubcuenta</nombre>
        <tipo>character varying(15)</tipo>
        <nulo>NO</nulo>
    </columna>
    <columna>
        <nombre>concepto</nombre>
        <tipo>character varying(255)</tipo>
        <nulo>YES</nulo>
    </columna>
    <columna>
        <nombre>debe</nombre>
        <tipo>double precision</tipo>
        <nulo>NO</nulo>
        <defecto>0</defecto>
    </columna>
    <columna>
        <nombre>debeme</nombre>
        <tipo>double precision</tipo>
        <nulo>NO</nulo>
    </columna>
    <columna>
        <nombre>documento</nombre>
        <tipo>character varying(30)</tipo>
        <nulo>YES</nulo>
    </columna>
    <columna>
        <nombre>factura</nombre>
        <tipo>double precision</tipo>
        <nulo>YES</nulo>
    </columna>
    <columna>
        <nombre>haber</nombre>
        <tipo>double precision</tipo>
        <nulo>NO</nulo>
        <defecto>0</defecto>
    </columna>
    <columna>
        <nombre>haberme</nombre>
        <tipo>double precision</tipo>
        <nulo>NO</nulo>
    </columna>
    <columna>
        <nombre>idasiento</nombre>
        <tipo>integer</tipo>
        <nulo>NO</nulo>
    </columna>
    <columna>
        <nombre>idconcepto</nombre>
        <tipo>character varying(4)</tipo>
        <nulo>YES</nulo>
    </columna>
    <columna>
        <nombre>idcontrapartida</nombre>
        <tipo>integer</tipo>
        <nulo>YES</nulo>
    </columna>
    <columna>
        <nombre>idpartida</nombre>
        <tipo>serial</tipo>
        <nulo>NO</nulo>
        <defecto>nextval('co_partidas_idpartida_seq'::regclass)</defecto>
    </columna>
    <columna>
        <nombre>idsubcuenta</nombre>
        <tipo>integer</tipo>
        <nulo>NO</nulo>
    </columna>
    <columna>
        <nombre>iva</nombre>
        <tipo>double precision</tipo>
        <nulo>NO</nulo>
    </columna>
    <columna>
        <nombre>punteada</nombre>
        <tipo>boolean</tipo>
        <nulo>NO</nulo>
        <defecto>false</defecto>
    </columna>
    <columna>
        <nombre>recargo</nombre>
        <tipo>double precision</tipo>
        <nulo>NO</nulo>
    </columna>
    <columna>
        <nombre>tasaconv</nombre>
        <tipo>double precision</tipo>
        <nulo>NO</nulo>
    </columna>
    <columna>
        <nombre>tipodocumento</nombre>
        <tipo>character varying(25)</tipo>
        <nulo>YES</nulo>
    </columna>
    <restriccion>
        <nombre>ca_co_partidas_co_asientos2</nombre>
        <consulta>FOREIGN KEY (idasiento)
            REFERENCES co_asientos (idasiento)
            ON DELETE CASCADE ON UPDATE CASCADE</consulta>
    </restriccion>
    <restriccion>
        <nombre>ca_co_partidas_subcuentas</nombre>
        <consulta>FOREIGN KEY (idsubcuenta)
            REFERENCES co_subcuentas (idsubcuenta)
            ON DELETE RESTRICT ON UPDATE CASCADE</consulta>
    </restriccion>
    <restriccion>
        <nombre>co_partidas_pkey</nombre>
        <consulta>PRIMARY KEY (idpartida)</consulta>
    </restriccion>
</tabla>