<?xml version="1.0" encoding="UTF-8"?>
<!--
    Document   : co_subcuentasprov.xml
    Author     : Carlos Garcia Gomez
    Description:
        Estructura de la tabla co_subcuentasprov.
-->
<tabla>
    <columna>
        <nombre>codejercicio</nombre>
        <tipo>character varying(4)</tipo>
        <nulo>NO</nulo>
    </columna>
    <columna>
        <nombre>codproveedor</nombre>
        <tipo>character varying(6)</tipo>
        <nulo>YES</nulo>
    </columna>
    <columna>
        <nombre>codsubcuenta</nombre>
        <tipo>character varying(15)</tipo>
        <nulo>NO</nulo>
    </columna>
    <columna>
        <nombre>id</nombre>
        <tipo>serial</tipo>
        <nulo>NO</nulo>
        <defecto>nextval('co_subcuentasprov_id_seq'::regclass)</defecto>
    </columna>
    <columna>
        <nombre>idsubcuenta</nombre>
        <tipo>integer</tipo>
        <nulo>NO</nulo>
    </columna>
    <restriccion>
        <nombre>co_subcuentasprov_pkey</nombre>
        <consulta>PRIMARY KEY (id)</consulta>
    </restriccion>
    <restriccion>
        <nombre>ca_co_subcuentasprov_ejercicios</nombre>
        <consulta>FOREIGN KEY (codejercicio)
            REFERENCES ejercicios (codejercicio)
            ON DELETE CASCADE ON UPDATE CASCADE</consulta>
    </restriccion>
    <restriccion>
        <nombre>ca_co_subcuentasprov_proveedores</nombre>
        <consulta>FOREIGN KEY (codproveedor)
            REFERENCES proveedores (codproveedor)
            ON DELETE CASCADE ON UPDATE CASCADE</consulta>
    </restriccion>
    <restriccion>
        <nombre>ca_co_subcuentasprov_subcuentas</nombre>
        <consulta>FOREIGN KEY (idsubcuenta)
            REFERENCES co_subcuentas (idsubcuenta)
            ON DELETE CASCADE ON UPDATE CASCADE</consulta>
    </restriccion>
</tabla>