<?xml version="1.0" encoding="UTF-8"?>
<!--
    Document   : co_secuencias.xml
    Author     : Carlos Garcia Gomez
    Description:
        Estructura de la tabla co_secuencias.
-->
<tabla>
    <columna>
        <nombre>codejercicio</nombre>
        <tipo>character varying(4)</tipo>
        <nulo>NO</nulo>
    </columna>
    <columna>
        <nombre>descripcion</nombre>
        <tipo>character varying(100)</tipo>
        <nulo>YES</nulo>
    </columna>
    <columna>
        <nombre>idsecuencia</nombre>
        <tipo>serial</tipo>
        <nulo>NO</nulo>
        <defecto>nextval('co_secuencias_idsecuencia_seq'::regclass)</defecto>
    </columna>
    <columna>
        <nombre>nombre</nombre>
        <tipo>character varying(50)</tipo>
        <nulo>NO</nulo>
    </columna>
    <columna>
        <nombre>valor</nombre>
        <tipo>integer</tipo>
        <nulo>YES</nulo>
    </columna>
    <columna>
        <nombre>valorout</nombre>
        <tipo>integer</tipo>
        <nulo>YES</nulo>
    </columna>
    <restriccion>
        <nombre>co_secuencias_pkey</nombre>
        <consulta>PRIMARY KEY (idsecuencia)</consulta>
    </restriccion>
    <restriccion>
        <nombre>ca_co_secuencias_ejercicios</nombre>
        <consulta>FOREIGN KEY (codejercicio)
            REFERENCES ejercicios (codejercicio)
            ON DELETE CASCADE ON UPDATE CASCADE</consulta>
    </restriccion>
</tabla>