<?xml version="1.0" encoding="UTF-8"?>
<!--
    Document   : co_subcuentascli.xml
    Author     : Carlos Garcia Gomez
    Description:
        Estructura de la tabla co_subcuentascli.
-->
<tabla>
    <columna>
        <nombre>codcliente</nombre>
        <tipo>character varying(6)</tipo>
        <nulo>YES</nulo>
    </columna>
    <columna>
        <nombre>codejercicio</nombre>
        <tipo>character varying(4)</tipo>
        <nulo>NO</nulo>
    </columna>
    <columna>
        <nombre>codsubcuenta</nombre>
        <tipo>character varying(15)</tipo>
        <nulo>NO</nulo>
    </columna>
    <columna>
        <nombre>id</nombre>
        <tipo>serial</tipo>
        <nulo>NO</nulo>
        <defecto>nextval('co_subcuentascli_id_seq'::regclass)</defecto>
    </columna>
    <columna>
        <nombre>idsubcuenta</nombre>
        <tipo>integer</tipo>
        <nulo>NO</nulo>
    </columna>
    <restriccion>
        <nombre>co_subcuentascli_pkey</nombre>
        <consulta>PRIMARY KEY (id)</consulta>
    </restriccion>
    <restriccion>
        <nombre>ca_co_subcuentascli_ejercicios</nombre>
        <consulta>FOREIGN KEY (codejercicio)
            REFERENCES ejercicios (codejercicio)
            ON DELETE CASCADE ON UPDATE CASCADE</consulta>
    </restriccion>
    <restriccion>
        <nombre>ca_co_subcuentascli_clientes</nombre>
        <consulta>FOREIGN KEY (codcliente)
            REFERENCES clientes (codcliente)
            ON DELETE CASCADE ON UPDATE CASCADE</consulta>
    </restriccion>
    <restriccion>
        <nombre>ca_co_subcuentascli_subcuentas</nombre>
        <consulta>FOREIGN KEY (idsubcuenta)
            REFERENCES co_subcuentas (idsubcuenta)
            ON DELETE CASCADE ON UPDATE CASCADE</consulta>
    </restriccion>
</tabla>