<?xml version="1.0" encoding="UTF-8"?>
<!--
    Document   : lineaspedidosprov.xml
    Author     : Carlos Garcia Gomez
    Description:
        Estructura de la tabla lineaspedidosprov.
-->
<tabla>
    <columna>
        <nombre>pvptotal</nombre>
        <tipo>double precision</tipo>
        <nulo>NO</nulo>
    </columna>
    <columna>
        <nombre>cantidad</nombre>
        <tipo>double precision</tipo>
        <nulo>NO</nulo>
    </columna>
    <columna>
        <nombre>irpf</nombre>
        <tipo>double precision</tipo>
        <nulo>YES</nulo>
    </columna>
    <columna>
        <nombre>recargo</nombre>
        <tipo>double precision</tipo>
        <nulo>YES</nulo>
    </columna>
    <columna>
        <nombre>dtolineal</nombre>
        <tipo>double precision</tipo>
    </columna>
    <columna>
        <nombre>descripcion</nombre>
        <tipo>text</tipo>
        <nulo>YES</nulo>
    </columna>
    <columna>
        <nombre>idlinea</nombre>
        <tipo>serial</tipo>
        <nulo>NO</nulo>
        <defecto>nextval('lineaspedidosprov_idlinea_seq'::regclass)</defecto>
    </columna>
    <columna>
        <nombre>idpedido</nombre>
        <tipo>integer</tipo>
        <nulo>NO</nulo>
    </columna>
    <columna>
        <nombre>codimpuesto</nombre>
        <tipo>character varying(10)</tipo>
        <nulo>YES</nulo>
    </columna>
    <columna>
        <nombre>cerrada</nombre>
        <tipo>boolean</tipo>
        <nulo>YES</nulo>
    </columna>
    <columna>
        <nombre>iva</nombre>
        <tipo>double precision</tipo>
        <nulo>YES</nulo>
    </columna>
    <columna>
        <nombre>dtopor</nombre>
        <tipo>double precision</tipo>
        <nulo>NO</nulo>
    </columna>
    <columna>
        <nombre>pvpsindto</nombre>
        <tipo>double precision</tipo>
        <nulo>NO</nulo>
    </columna>
    <columna>
        <nombre>pvpunitario</nombre>
        <tipo>double precision</tipo>
        <nulo>NO</nulo>
    </columna>
    <columna>
        <nombre>referencia</nombre>
        <tipo>character varying(18)</tipo>
        <nulo>YES</nulo>
    </columna>
    <columna>
        <nombre>codcombinacion</nombre>
        <tipo>character varying(18)</tipo>
    </columna>
    <columna>
        <nombre>totalenalbaran</nombre>
        <tipo>double precision</tipo>
    </columna>
    <restriccion>
        <nombre>lineaspedidosprov_pkey</nombre>
        <consulta>PRIMARY KEY (idlinea)</consulta>
    </restriccion>
    <restriccion>
        <nombre>ca_lineaspedidosprov_pedidosprov</nombre>
        <consulta>FOREIGN KEY (idpedido)
            REFERENCES pedidosprov (idpedido)
            ON DELETE CASCADE ON UPDATE CASCADE</consulta>
    </restriccion>
</tabla>
