<?xml version="1.0" encoding="UTF-8"?>
<!--
    Document   : lineasalbaranesprov.xml
    Author     : Carlos Garcia Gomez
    Description:
        Estructura de la tabla lineasalbaranesprov.
-->
<tabla>
    <columna>
        <nombre>cantidad</nombre>
        <tipo>double precision</tipo>
        <nulo>NO</nulo>
        <defecto>0</defecto>
    </columna>
    <columna>
        <nombre>codimpuesto</nombre>
        <tipo>character varying(10)</tipo>
        <nulo>YES</nulo>
    </columna>
    <columna>
        <nombre>descripcion</nombre>
        <tipo>text</tipo>
        <nulo>YES</nulo>
    </columna>
    <columna>
        <nombre>dtolineal</nombre>
        <tipo>double precision</tipo>
        <defecto>0</defecto>
    </columna>
    <columna>
        <nombre>dtopor</nombre>
        <tipo>double precision</tipo>
        <nulo>NO</nulo>
        <defecto>0</defecto>
    </columna>
    <columna>
        <nombre>idalbaran</nombre>
        <tipo>integer</tipo>
        <nulo>NO</nulo>
    </columna>
    <columna>
        <nombre>idlinea</nombre>
        <tipo>serial</tipo>
        <nulo>NO</nulo>
        <defecto>nextval('lineasalbaranesprov_idlinea_seq'::regclass)</defecto>
    </columna>
    <columna>
        <nombre>idlineapedido</nombre>
        <tipo>integer</tipo>
    </columna>
    <columna>
        <nombre>idpedido</nombre>
        <tipo>integer</tipo>
    </columna>
    <columna>
        <nombre>irpf</nombre>
        <tipo>double precision</tipo>
        <nulo>YES</nulo>
    </columna>
    <columna>
        <nombre>iva</nombre>
        <tipo>double precision</tipo>
        <nulo>NO</nulo>
        <defecto>0</defecto>
    </columna>
    <columna>
        <nombre>pvpsindto</nombre>
        <tipo>double precision</tipo>
        <nulo>NO</nulo>
        <defecto>0</defecto>
    </columna>
    <columna>
        <nombre>pvptotal</nombre>
        <tipo>double precision</tipo>
        <nulo>NO</nulo>
        <defecto>0</defecto>
    </columna>
    <columna>
        <nombre>pvpunitario</nombre>
        <tipo>double precision</tipo>
        <nulo>NO</nulo>
        <defecto>0</defecto>
    </columna>
    <columna>
        <nombre>recargo</nombre>
        <tipo>double precision</tipo>
        <nulo>YES</nulo>
        <defecto>0</defecto>
    </columna>
    <columna>
        <nombre>referencia</nombre>
        <tipo>character varying(18)</tipo>
    </columna>
    <columna>
        <nombre>codcombinacion</nombre>
        <tipo>character varying(18)</tipo>
    </columna>
    <restriccion>
        <nombre>ca_lineasalbaranesprov_albaranesprov2</nombre>
        <consulta>FOREIGN KEY (idalbaran)
            REFERENCES albaranesprov (idalbaran)
            ON DELETE CASCADE ON UPDATE CASCADE</consulta>
    </restriccion>
    <restriccion>
        <nombre>lineasalbaranesprov_pkey</nombre>
        <consulta>PRIMARY KEY (idlinea)</consulta>
    </restriccion>
</tabla>