<?xml version="1.0" encoding="UTF-8"?>
<!--
    Document   : lineaspresupuestoscli.xml
    Author     : Carlos Garcia Gomez
    Description:
        Estructura de la tabla lineaspresupuestoscli.
-->
<tabla>
    <columna>
        <nombre>cantidad</nombre>
        <tipo>double precision</tipo>
        <nulo>NO</nulo>
        <defecto>0</defecto>
    </columna>
    <columna>
        <nombre>codimpuesto</nombre>
        <tipo>character varying(10)</tipo>
        <nulo>YES</nulo>
    </columna>
    <columna>
        <nombre>descripcion</nombre>
        <tipo>text</tipo>
        <nulo>YES</nulo>
    </columna>
    <columna>
        <nombre>dtolineal</nombre>
        <tipo>double precision</tipo>
        <defecto>0</defecto>
    </columna>
    <columna>
        <nombre>dtopor</nombre>
        <tipo>double precision</tipo>
        <nulo>NO</nulo>
        <defecto>0</defecto>
    </columna>
    <columna>
        <nombre>dtopor2</nombre>
        <tipo>double precision</tipo>
        <nulo>NO</nulo>
        <defecto>0</defecto>
    </columna>
    <columna>
        <nombre>dtopor3</nombre>
        <tipo>double precision</tipo>
        <nulo>NO</nulo>
        <defecto>0</defecto>
    </columna>
    <columna>
        <nombre>dtopor4</nombre>
        <tipo>double precision</tipo>
        <nulo>NO</nulo>
        <defecto>0</defecto>
    </columna>
    <columna>
        <nombre>idlinea</nombre>
        <tipo>serial</tipo>
        <nulo>NO</nulo>
        <defecto>nextval('lineaspresupuestoscli_idlinea_seq'::regclass)</defecto>
    </columna>
    <columna>
        <nombre>idpresupuesto</nombre>
        <tipo>integer</tipo>
        <nulo>NO</nulo>
    </columna>
    <columna>
        <nombre>irpf</nombre>
        <tipo>double precision</tipo>
        <nulo>YES</nulo>
    </columna>
    <columna>
        <nombre>iva</nombre>
        <tipo>double precision</tipo>
        <nulo>NO</nulo>
    </columna>
    <columna>
        <nombre>pvpsindto</nombre>
        <tipo>double precision</tipo>
        <nulo>NO</nulo>
    </columna>
    <columna>
        <nombre>pvptotal</nombre>
        <tipo>double precision</tipo>
        <nulo>NO</nulo>
    </columna>
    <columna>
        <nombre>pvpunitario</nombre>
        <tipo>double precision</tipo>
        <nulo>NO</nulo>
    </columna>
    <columna>
        <nombre>recargo</nombre>
        <tipo>double precision</tipo>
        <nulo>YES</nulo>
    </columna>
    <columna>
        <nombre>referencia</nombre>
        <tipo>character varying(18)</tipo>
        <nulo>YES</nulo>
    </columna>
    <columna>
        <nombre>codcombinacion</nombre>
        <tipo>character varying(18)</tipo>
    </columna>
    <columna>
        <nombre>orden</nombre>
        <tipo>integer</tipo>
        <defecto>0</defecto>
    </columna>
    <columna>
        <nombre>mostrar_cantidad</nombre>
        <tipo>boolean</tipo>
        <defecto>true</defecto>
    </columna>
    <columna>
        <nombre>mostrar_precio</nombre>
        <tipo>boolean</tipo>
        <defecto>true</defecto>
    </columna>
    <restriccion>
        <nombre>lineaspresupuestoscli_pkey</nombre>
        <consulta>PRIMARY KEY (idlinea)</consulta>
    </restriccion>
    <restriccion>
        <nombre>ca_lineaspresupuestoscli_presupuestoscli</nombre>
        <consulta>FOREIGN KEY (idpresupuesto)
            REFERENCES presupuestoscli (idpresupuesto)
            ON DELETE CASCADE ON UPDATE CASCADE</consulta>
    </restriccion>
</tabla>
