<?xml version="1.0" encoding="UTF-8"?>
<!--
    Document   : lineastransstock.xml
    Author     : Carlos Garcia Gomez
    Description:
        Estructura de la tabla lineastransstock.
-->
<tabla>
    <columna>
        <nombre>cantidad</nombre>
        <tipo>double precision</tipo>
        <nulo>NO</nulo>
    </columna>
    <columna>
        <nombre>descripcion</nombre>
        <tipo>text</tipo>
        <nulo>YES</nulo>
    </columna>
    <columna>
        <nombre>idlinea</nombre>
        <tipo>serial</tipo>
        <nulo>NO</nulo>
        <defecto>nextval('lineastransstock_idlinea_seq'::regclass)</defecto>
    </columna>
    <columna>
        <nombre>idtrans</nombre>
        <tipo>integer</tipo>
        <nulo>NO</nulo>
    </columna>
    <columna>
        <nombre>referencia</nombre>
        <tipo>character varying(18)</tipo>
        <nulo>NO</nulo>
    </columna>
    <restriccion>
        <nombre>lineastransstock_pkey</nombre>
        <consulta>PRIMARY KEY (idlinea)</consulta>
    </restriccion>
    <restriccion>
        <nombre>ca_linea_transstock</nombre>
        <consulta>FOREIGN KEY (idtrans)
            REFERENCES transstock (idtrans)
            ON DELETE CASCADE ON UPDATE CASCADE</consulta>
    </restriccion>
    <restriccion>
        <nombre>ca_linea_transstock_articulos</nombre>
        <consulta>FOREIGN KEY (referencia)
            REFERENCES articulos (referencia)
            ON DELETE CASCADE ON UPDATE CASCADE</consulta>
    </restriccion>
    <restriccion>
        <nombre>uniq_referencia_transferencia</nombre>
        <consulta>UNIQUE (idtrans,referencia)</consulta>
    </restriccion>
</tabla>