<?xml version="1.0" encoding="UTF-8"?>
<!--
    Document   : presupuestoscli.xml
    Author     : Carlos Garcia Gomez
    Description:
        Estructura de la tabla presupuestoscli.
-->
<tabla>
    <columna>
        <nombre>apartado</nombre>
        <tipo>character varying(10)</tipo>
    </columna>
    <columna>
        <nombre>cifnif</nombre>
        <tipo>character varying(30)</tipo>
        <nulo>NO</nulo>
    </columna>
    <columna>
        <nombre>ciudad</nombre>
        <tipo>character varying(100)</tipo>
    </columna>
    <columna>
        <nombre>codagente</nombre>
        <tipo>character varying(10)</tipo>
    </columna>
    <columna>
        <nombre>codalmacen</nombre>
        <tipo>character varying(4)</tipo>
    </columna>
    <columna>
        <nombre>codcliente</nombre>
        <tipo>character varying(6)</tipo>
    </columna>
    <columna>
        <nombre>coddir</nombre>
        <tipo>integer</tipo>
    </columna>
    <columna>
        <nombre>coddivisa</nombre>
        <tipo>character varying(3)</tipo>
        <nulo>NO</nulo>
    </columna>
    <columna>
        <nombre>codejercicio</nombre>
        <tipo>character varying(4)</tipo>
        <nulo>NO</nulo>
    </columna>
    <columna>
        <nombre>codigo</nombre>
        <tipo>character varying(20)</tipo>
        <nulo>NO</nulo>
    </columna>
    <columna>
        <nombre>codoportunidad</nombre>
        <tipo>character varying(8)</tipo>
    </columna>
    <columna>
        <nombre>codpago</nombre>
        <tipo>character varying(10)</tipo>
        <nulo>NO</nulo>
    </columna>
    <columna>
        <nombre>codpais</nombre>
        <tipo>character varying(20)</tipo>
    </columna>
    <columna>
        <nombre>codpostal</nombre>
        <tipo>character varying(10)</tipo>
    </columna>
    <columna>
        <nombre>codserie</nombre>
        <tipo>character varying(2)</tipo>
        <nulo>NO</nulo>
    </columna>
    <columna>
        <nombre>direccion</nombre>
        <tipo>character varying(100)</tipo>
        <defecto>''</defecto>
        <nulo>NO</nulo>
    </columna>
    <columna>
        <nombre>editable</nombre>
        <tipo>boolean</tipo>
        <nulo>NO</nulo>
    </columna>
    <columna>
        <nombre>estado</nombre>
        <tipo>character varying(25)</tipo>
    </columna>
    <columna>
        <nombre>fecha</nombre>
        <tipo>date</tipo>
        <nulo>NO</nulo>
    </columna>
    <columna>
        <nombre>hora</nombre>
        <tipo>time without time zone</tipo>
        <nulo>NO</nulo>
        <defecto>now()</defecto>
    </columna>
    <columna>
        <nombre>finoferta</nombre>
        <tipo>date</tipo>
    </columna>
    <columna>
        <nombre>fechasalida</nombre>
        <tipo>date</tipo>
    </columna>
    <columna>
        <nombre>femail</nombre>
        <tipo>date</tipo>
    </columna>
    <columna>
        <nombre>idpresupuesto</nombre>
        <tipo>serial</tipo>
        <nulo>NO</nulo>
        <defecto>nextval('presupuestoscli_idpresupuesto_seq'::regclass)</defecto>
    </columna>
    <columna>
        <nombre>idpedido</nombre>
        <tipo>integer</tipo>
    </columna>
    <columna>
        <nombre>idprovincia</nombre>
        <tipo>integer</tipo>
        <nulo>YES</nulo>
    </columna>
    <columna>
        <nombre>irpf</nombre>
        <tipo>double precision</tipo>
        <nulo>NO</nulo>
        <defecto>0</defecto>
    </columna>
    <columna>
        <nombre>netosindto</nombre>
        <tipo>double precision</tipo>
        <nulo>NO</nulo>
        <defecto>0</defecto>
    </columna>
    <columna>
        <nombre>neto</nombre>
        <tipo>double precision</tipo>
        <nulo>NO</nulo>
        <defecto>0</defecto>
    </columna>
    <columna>
        <nombre>nombrecliente</nombre>
        <tipo>character varying(100)</tipo>
    </columna>
    <columna>
        <nombre>numero</nombre>
        <tipo>character varying(12)</tipo>
        <nulo>NO</nulo>
    </columna>
    <columna>
        <nombre>numero2</nombre>
        <tipo>character varying(50)</tipo>
    </columna>
    <columna>
        <nombre>observaciones</nombre>
        <tipo>text</tipo>
    </columna>
    <columna>
        <nombre>porcomision</nombre>
        <tipo>double precision</tipo>
    </columna>
    <columna>
        <nombre>provincia</nombre>
        <tipo>character varying(100)</tipo>
    </columna>
    <columna>
        <nombre>recfinanciero</nombre>
        <tipo>double precision</tipo>
    </columna>
    <columna>
        <nombre>tasaconv</nombre>
        <tipo>double precision</tipo>
        <nulo>NO</nulo>
        <defecto>1</defecto>
    </columna>
    <columna>
        <nombre>total</nombre>
        <tipo>double precision</tipo>
        <nulo>NO</nulo>
        <defecto>0</defecto>
    </columna>
    <columna>
        <nombre>totaleuros</nombre>
        <tipo>double precision</tipo>
        <nulo>NO</nulo>
        <defecto>0</defecto>
    </columna>
    <columna>
        <nombre>totalirpf</nombre>
        <tipo>double precision</tipo>
        <nulo>NO</nulo>
        <defecto>0</defecto>
    </columna>
    <columna>
        <nombre>totaliva</nombre>
        <tipo>double precision</tipo>
        <nulo>NO</nulo>
        <defecto>0</defecto>
    </columna>
    <columna>
        <nombre>totalrecargo</nombre>
        <tipo>double precision</tipo>
        <nulo>YES</nulo>
    </columna>
    <columna>
        <nombre>status</nombre>
        <tipo>integer</tipo>
        <nulo>NO</nulo>
        <defecto>0</defecto>
    </columna>
    <columna>
        <nombre>codtrans</nombre>
        <tipo>character varying(8)</tipo>
    </columna>
    <columna>
        <nombre>codigoenv</nombre>
        <tipo>character varying(200)</tipo>
    </columna>
    <columna>
        <nombre>nombreenv</nombre>
        <tipo>character varying(200)</tipo>
    </columna>
    <columna>
        <nombre>apellidosenv</nombre>
        <tipo>character varying(200)</tipo>
    </columna>
    <columna>
        <nombre>direccionenv</nombre>
        <tipo>character varying(100)</tipo>
    </columna>
    <columna>
        <nombre>codpostalenv</nombre>
        <tipo>character varying(10)</tipo>
    </columna>
    <columna>
        <nombre>ciudadenv</nombre>
        <tipo>character varying(100)</tipo>
    </columna>
    <columna>
        <nombre>provinciaenv</nombre>
        <tipo>character varying(100)</tipo>
    </columna>
    <columna>
        <nombre>apartadoenv</nombre>
        <tipo>character varying(10)</tipo>
    </columna>
    <columna>
        <nombre>codpaisenv</nombre>
        <tipo>character varying(20)</tipo>
    </columna>
    <columna>
        <nombre>numdocs</nombre>
        <tipo>integer</tipo>
        <defecto>0</defecto>
    </columna>
    <columna>
        <nombre>idoriginal</nombre>
        <tipo>integer</tipo>
    </columna>
    <columna>
        <nombre>dtopor1</nombre>
        <tipo>double precision</tipo>
        <nulo>NO</nulo>
        <defecto>0</defecto>
    </columna>
    <columna>
        <nombre>dtopor2</nombre>
        <tipo>double precision</tipo>
        <nulo>NO</nulo>
        <defecto>0</defecto>
    </columna>
    <columna>
        <nombre>dtopor3</nombre>
        <tipo>double precision</tipo>
        <nulo>NO</nulo>
        <defecto>0</defecto>
    </columna>
    <columna>
        <nombre>dtopor4</nombre>
        <tipo>double precision</tipo>
        <nulo>NO</nulo>
        <defecto>0</defecto>
    </columna>
    <columna>
        <nombre>dtopor5</nombre>
        <tipo>double precision</tipo>
        <nulo>NO</nulo>
        <defecto>0</defecto>
    </columna>
    <restriccion>
        <nombre>presupuestoscli_pkey</nombre>
        <consulta>PRIMARY KEY (idpresupuesto)</consulta>
    </restriccion>
    <restriccion>
        <nombre>ca_presupuestoscli_series</nombre>
        <consulta>FOREIGN KEY (codserie)
            REFERENCES series (codserie)
            ON DELETE RESTRICT ON UPDATE CASCADE</consulta>
    </restriccion>
    <restriccion>
        <nombre>ca_presupuestoscli_ejercicios</nombre>
        <consulta>FOREIGN KEY (codejercicio)
            REFERENCES ejercicios (codejercicio)
            ON DELETE RESTRICT ON UPDATE CASCADE</consulta>
    </restriccion>
    <restriccion>
        <nombre>uniq_codigo_presupuestoscli</nombre>
        <consulta>UNIQUE (codigo)</consulta>
    </restriccion>
</tabla>
